,Link Name,Link
0,Download Part 1,https://thefileslocker.com/gflmifi65cs4.html
1,Download Part 2,https://thefileslocker.com/tu4slof8b22m.html
2,Download Part 3,https://thefileslocker.com/a7ekvcyz8om8.html
3,Download Part 4,https://thefileslocker.com/5wkmu4wrbg06.html
4,Download Part 5,https://thefileslocker.com/hw44ppcin31a.html
5,Download Part 6,https://thefileslocker.com/7nfcu3h7jq5t.html
6,Download Part 7,https://thefileslocker.com/kgohkudphm9b.html
7,Download Part 8,https://thefileslocker.com/blzz6a8qlsvb.html
8,Download Part 9,https://thefileslocker.com/nyrooz17nqfs.html
9,Download Part 10,https://thefileslocker.com/0ff96kqip1lr.html
