,Link Names,Links
0,"



",#menu-top-slide
1,Movie Request Page,https://katmoviehd.se/movie-request-page/
2,How To Download ?,https://katmoviehd.se/how-to-download/
3,VPN !,https://katmoviehd.se/vpn/
4,Contact Us !,https://katmoviehd.se/contact-us/
5,DMCA,https://katmoviehd.se/dmca/
6,Disclaimer,https://katmoviehd.se/about/
7,Movie Request Page,https://katmoviehd.se/movie-request-page/
8,How To Download ?,https://katmoviehd.se/how-to-download/
9,VPN !,https://katmoviehd.se/vpn/
10,Contact Us !,https://katmoviehd.se/contact-us/
11,DMCA,https://katmoviehd.se/dmca/
12,Disclaimer,https://katmoviehd.se/about/
13,,https://katmoviehd.se/
14,"



",#menu-main-slide
15,18+ Adult,https://katmoviehd.se/category/adult/
16,HollyWood Movies,https://katmoviehd.se/category/hollywood-eng/
17,Action,https://katmoviehd.se/category/action/
18,Adventure,https://katmoviehd.se/category/adventure/
19,Comedy,https://katmoviehd.se/category/comedy/
20,Dual Audio,https://katmoviehd.se/category/dual-audio/
21,Fantasy,https://katmoviehd.se/category/fantasy/
22,History,https://katmoviehd.se/category/history/
23,Horror,https://katmoviehd.se/category/horror/
24,Thriller,https://katmoviehd.se/category/thriller/
25,Mystery,https://katmoviehd.se/category/mystery/
26,Romance,https://katmoviehd.se/category/romance/
27,sci-fi,https://katmoviehd.se/category/sci-fi/
28,Sports,https://katmoviehd.se/category/sports/
29,TV shows,https://katmoviehd.se/category/tv-shows/
30,Hindi WEBSeries,https://katmoviehd.se/category/hindi-webseries/
31,TV SERIES [Dubbed],https://katmoviehd.se/category/tv-series-dubbed/
32,complete season,https://katmoviehd.se/category/complete-season/
33,Animated,https://katmoviehd.se/category/animated/
34,Anime DUBBED,https://katmoviehd.se/category/anime-dubbed/
35,Anime (Eng Subbed),https://katmoviehd.se/category/anime-eng-subbed/
36,Dubbed Movie,https://katmoviehd.se/category/dubbed-movie/
37,WWE,https://katmoviehd.se/category/wwe/
38,WWE Hindi,https://katmoviehd.se/category/wwe-hindi/
39,Wrestling,https://katmoviehd.se/category/wrestling/
40,UFC,https://katmoviehd.se/category/ufc/
41,18+ Adult,https://katmoviehd.se/category/adult/
42,HollyWood Movies,https://katmoviehd.se/category/hollywood-eng/
43,Action,https://katmoviehd.se/category/action/
44,Adventure,https://katmoviehd.se/category/adventure/
45,Comedy,https://katmoviehd.se/category/comedy/
46,Dual Audio,https://katmoviehd.se/category/dual-audio/
47,Fantasy,https://katmoviehd.se/category/fantasy/
48,History,https://katmoviehd.se/category/history/
49,Horror,https://katmoviehd.se/category/horror/
50,Thriller,https://katmoviehd.se/category/thriller/
51,Mystery,https://katmoviehd.se/category/mystery/
52,Romance,https://katmoviehd.se/category/romance/
53,sci-fi,https://katmoviehd.se/category/sci-fi/
54,Sports,https://katmoviehd.se/category/sports/
55,TV shows,https://katmoviehd.se/category/tv-shows/
56,Hindi WEBSeries,https://katmoviehd.se/category/hindi-webseries/
57,TV SERIES [Dubbed],https://katmoviehd.se/category/tv-series-dubbed/
58,complete season,https://katmoviehd.se/category/complete-season/
59,Animated,https://katmoviehd.se/category/animated/
60,Anime DUBBED,https://katmoviehd.se/category/anime-dubbed/
61,Anime (Eng Subbed),https://katmoviehd.se/category/anime-eng-subbed/
62,Dubbed Movie,https://katmoviehd.se/category/dubbed-movie/
63,WWE,https://katmoviehd.se/category/wwe/
64,WWE Hindi,https://katmoviehd.se/category/wwe-hindi/
65,Wrestling,https://katmoviehd.se/category/wrestling/
66,UFC,https://katmoviehd.se/category/ufc/
67,"


",https://katmoviehd.se/kick-ass-2010/
68,Action,https://katmoviehd.se/category/action/
69,Comedy,https://katmoviehd.se/category/comedy/
70,crime,https://katmoviehd.se/category/crime/
71,Dual Audio,https://katmoviehd.se/category/dual-audio/
72,Dubbed Movie,https://katmoviehd.se/category/dubbed-movie/
73,Fan Dubbed,https://katmoviehd.se/category/unofficial-dubbed/fan-dubbed/
74,Kick-Ass (2010) Hindi (HQ Dubbed) BluRay 1080p / 720p / 480p Dual-Audio x264 [With Ads !],https://katmoviehd.se/kick-ass-2010/
75,"

",https://katmoviehd.se/snowpiercer-s02/
76,Dual Audio,https://katmoviehd.se/category/dual-audio/
77,NetFlix,https://katmoviehd.se/category/netflix/
78,sci-fi,https://katmoviehd.se/category/sci-fi/
79,Series,https://katmoviehd.se/category/netflix/series/
80,TV SERIES [Dubbed ],https://katmoviehd.se/category/tv-series-dubbed/
81,Snowpiercer (Season 2) [Hindi 5.1 DD + English] Dual Audio | WEB-DL 1080p / 720p/ 480p [NF TV Series] [Episode 05 Added],https://katmoviehd.se/snowpiercer-s02/
82,"


",https://katmoviehd.se/attack-on-titan-s04/
83,Anime (Eng Subbed),https://katmoviehd.se/category/anime-eng-subbed/
84,Attack on Titan (Season 4) Web-DL 1080p / 720p /480p [HD] Japanese [With English Subtitles] [Episode 11 Added],https://katmoviehd.se/attack-on-titan-s04/
85,"


",https://katmoviehd.se/money-heist-s04-hindi/
86,Action,https://katmoviehd.se/category/action/
87,complete season,https://katmoviehd.se/category/complete-season/
88,crime,https://katmoviehd.se/category/crime/
89,Dual Audio,https://katmoviehd.se/category/dual-audio/
90,Mystery,https://katmoviehd.se/category/mystery/
91,NetFlix,https://katmoviehd.se/category/netflix/
92,Series,https://katmoviehd.se/category/netflix/series/
93,Thriller,https://katmoviehd.se/category/thriller/
94,TV SERIES [Dubbed ],https://katmoviehd.se/category/tv-series-dubbed/
95,Money Heist (Season 4) Complete Hindi Dubbed (5.1 DD) [Dual Audio] All Episodes | WEB-DL 480p 720p 1080p [x264 | HEVC x265 ],https://katmoviehd.se/money-heist-s04-hindi/
96,"


",https://katmoviehd.se/start-up-s01-hindi/
97,Comedy,https://katmoviehd.se/category/comedy/
98,complete season,https://katmoviehd.se/category/complete-season/
99,Drama,https://katmoviehd.se/category/drama/
100,Dual Audio,https://katmoviehd.se/category/dual-audio/
101,Korean Drama (In Hindi),https://katmoviehd.se/category/tv-series-dubbed/korean-drama/
102,NetFlix,https://katmoviehd.se/category/netflix/
103,romance,https://katmoviehd.se/category/romance/
104,Series,https://katmoviehd.se/category/netflix/series/
105,TV SERIES [Dubbed ],https://katmoviehd.se/category/tv-series-dubbed/
106,Start-Up (Season 1) [Hindi Dubbed (ORG) + Korean] Dual Audio | WEB-DL 720p 480p [NF KDrama Series],https://katmoviehd.se/start-up-s01-hindi/
107,"


",https://katmoviehd.se/color-out-of-space-2019-hindi/
108,Dual Audio,https://katmoviehd.se/category/dual-audio/
109,Dubbed Movie,https://katmoviehd.se/category/dubbed-movie/
110,Horror,https://katmoviehd.se/category/horror/
111,Mystery,https://katmoviehd.se/category/mystery/
112,sci-fi,https://katmoviehd.se/category/sci-fi/
113,Thriller,https://katmoviehd.se/category/thriller/
114,Color Out of Space (2019) [Dual Audio] [Hindi Dubbed (ORG) – English] BluRay 1080p 720p 480p [HD],https://katmoviehd.se/color-out-of-space-2019-hindi/
115,"


",https://katmoviehd.se/money-heist-s03/
116,Action,https://katmoviehd.se/category/action/
117,complete season,https://katmoviehd.se/category/complete-season/
118,crime,https://katmoviehd.se/category/crime/
119,Dual Audio,https://katmoviehd.se/category/dual-audio/
120,Mystery,https://katmoviehd.se/category/mystery/
121,NetFlix,https://katmoviehd.se/category/netflix/
122,Series,https://katmoviehd.se/category/netflix/series/
123,Spanish,https://katmoviehd.se/category/other-language/spanish/
124,Thriller,https://katmoviehd.se/category/thriller/
125,TV SERIES [Dubbed ],https://katmoviehd.se/category/tv-series-dubbed/
126,Money Heist (Season 3) [Hindi Dubbed 5.1 DD + Spanish] Dual Audio | All Episodes | WEB-DL 480p 720p 1080p [x264 | HEVC 10bit],https://katmoviehd.se/money-heist-s03/
127,"


",https://katmoviehd.se/death-race-2000-1975/
128,Action,https://katmoviehd.se/category/action/
129,Comedy,https://katmoviehd.se/category/comedy/
130,Dual Audio,https://katmoviehd.se/category/dual-audio/
131,Dubbed Movie,https://katmoviehd.se/category/dubbed-movie/
132,sci-fi,https://katmoviehd.se/category/sci-fi/
133,Sports,https://katmoviehd.se/category/sports/
134,[18+] Death Race 2000 (1975) Hindi Dubbed (ORG) [Dual Audio] BluRay 720p & 480p [Full Movie],https://katmoviehd.se/death-race-2000-1975/
135,"


",https://katmoviehd.se/searching-for-bobby-fischer/
136,Biography,https://katmoviehd.se/category/biography/
137,Drama,https://katmoviehd.se/category/drama/
138,Dual Audio,https://katmoviehd.se/category/dual-audio/
139,Dubbed Movie,https://katmoviehd.se/category/dubbed-movie/
140,Sports,https://katmoviehd.se/category/sports/
141,Searching for Bobby Fischer (1993) Hindi Dubbed (ORG) [Dual Audio] Web-DL 1080p 720p 480p [HD],https://katmoviehd.se/searching-for-bobby-fischer/
142,"


",https://katmoviehd.se/detective-anna-s01/
143,Mystery,https://katmoviehd.se/category/mystery/
144,Russian TV Series,https://katmoviehd.se/category/tv-series-dubbed/russian-tv-series/
145,TV SERIES [Dubbed ],https://katmoviehd.se/category/tv-series-dubbed/
146,Detective Anna: Season 1 (Hindi Dubbed) Web-DL 720p HD  [Episodes 55-56 Added ] Russian TV Series,https://katmoviehd.se/detective-anna-s01/
147,"


",https://katmoviehd.se/cosmos-possible-worlds/
148,complete season,https://katmoviehd.se/category/complete-season/
149,Documentary,https://katmoviehd.se/category/documentary/
150,Dual Audio,https://katmoviehd.se/category/dual-audio/
151,TV SERIES [Dubbed ],https://katmoviehd.se/category/tv-series-dubbed/
152,Cosmos: Possible Worlds (Season 2) Hindi (ORG) [Dual Audio] All Episodes | WEB-DL 720p/ 480p x264,https://katmoviehd.se/cosmos-possible-worlds/
153,"


",https://katmoviehd.se/wandavision-s01-hindi/
154,Action,https://katmoviehd.se/category/action/
155,Adventure,https://katmoviehd.se/category/adventure/
156,Comedy,https://katmoviehd.se/category/comedy/
157,Drama,https://katmoviehd.se/category/drama/
158,Dual Audio,https://katmoviehd.se/category/dual-audio/
159,Fantasy,https://katmoviehd.se/category/fantasy/
160,Official Dubbed [By KatMovieHD],https://katmoviehd.se/category/official-dubbed-by-katmoviehd/
161,sci-fi,https://katmoviehd.se/category/sci-fi/
162,TV SERIES [Dubbed ],https://katmoviehd.se/category/tv-series-dubbed/
163,WandaVision S01 Hindi (HQ Dub) WEB-DL 1080p 720p 480p x264 [Episode 6 ADDED !],https://katmoviehd.se/wandavision-s01-hindi/
164,"


",https://katmoviehd.se/tom-and-jerry-2021-movie/
165,Adventure,https://katmoviehd.se/category/adventure/
166,Animated,https://katmoviehd.se/category/animated/
167,Comedy,https://katmoviehd.se/category/comedy/
168,Dual Audio,https://katmoviehd.se/category/dual-audio/
169,Dubbed Movie,https://katmoviehd.se/category/dubbed-movie/
170,Family,https://katmoviehd.se/category/family/
171,Tom & Jerry: The Movie (2021) Hindi Dubbed (CAM)+ English [Dual Audio] [HDCAM 720p & 480p] [With Ads !],https://katmoviehd.se/tom-and-jerry-2021-movie/
172,"


",https://katmoviehd.se/money-heist-s02/
173,Action,https://katmoviehd.se/category/action/
174,complete season,https://katmoviehd.se/category/complete-season/
175,crime,https://katmoviehd.se/category/crime/
176,Dual Audio,https://katmoviehd.se/category/dual-audio/
177,Mystery,https://katmoviehd.se/category/mystery/
178,NetFlix,https://katmoviehd.se/category/netflix/
179,Series,https://katmoviehd.se/category/netflix/series/
180,TV SERIES [Dubbed ],https://katmoviehd.se/category/tv-series-dubbed/
181,Money Heist (Season 2) Complete [Hindi DD 5.1] Dual Audio | All Episodes | WEB-DL 1080p 720p/ 480p [HEVC 10bit & x264 HD],https://katmoviehd.se/money-heist-s02/
182,2,https://katmoviehd.se/page/2/
183,3,https://katmoviehd.se/page/3/
184,482,https://katmoviehd.se/page/482/
185,Next »,https://katmoviehd.se/page/2/
186,,https://www.hostdoze.com/netherlands-regular-rdp.html
187,Become Uploader,https://katmoviehd.se/become-uploader/
188,Contact Us !,https://katmoviehd.se/contact-us/
189,DMCA,https://katmoviehd.se/dmca/
190,How To Download ?,https://katmoviehd.se/how-to-download/
191,Join TeleGram Channel,https://katmoviehd.se/join-whatsapp-group-2/
192,KatmovieHD Official Android APP (Mobile Application),https://katmoviehd.se/app/
193,KatmovieHD: Official Home Page,https://katmoviehd.se/katmoviehd-com/
194,Movie Request Page,https://katmoviehd.se/movie-request-page/
195,VPN !,https://katmoviehd.se/vpn/
196,Disclaimer,https://katmoviehd.se/about/
197,1XBet,https://katmoviehd.se/tag/1xbet/
198,1xcinema,https://katmoviehd.se/tag/1xcinema/
199,1XCinema.com,https://katmoviehd.se/tag/1xcinema-com/
200,480p,https://katmoviehd.se/tag/480p/
201,720p,https://katmoviehd.se/tag/720p/
202,1080p,https://katmoviehd.se/tag/1080p/
203,2018,https://katmoviehd.se/tag/2018/
204,2019,https://katmoviehd.se/tag/2019/
205,2020,https://katmoviehd.se/tag/2020/
206,Action,https://katmoviehd.se/tag/action/
207,Blu-Ray,https://katmoviehd.se/tag/blu-ray/
208,Bluray,https://katmoviehd.se/tag/bluray/
209,CatMovie,https://katmoviehd.se/tag/catmovie/
210,CatMovieHD,https://katmoviehd.se/tag/catmoviehd/
211,CatMovieHD.com,https://katmoviehd.se/tag/catmoviehd-com/
212,comedy,https://katmoviehd.se/tag/comedy/
213,Crime,https://katmoviehd.se/tag/crime/
214,Download,https://katmoviehd.se/tag/download/
215,Drama,https://katmoviehd.se/tag/drama/
216,dual audio,https://katmoviehd.se/tag/dual-audio/
217,Dual Audio Hindi,https://katmoviehd.se/tag/dual-audio-hindi/
218,Fan Dubbed,https://katmoviehd.se/tag/fan-dubbed/
219,filmyzilla,https://katmoviehd.se/tag/filmyzilla/
220,free download,https://katmoviehd.se/tag/free-download/
221,HD,https://katmoviehd.se/tag/hd/
222,Hindi Dubbed,https://katmoviehd.se/tag/hindi-dubbed/
223,Hindi Subbed,https://katmoviehd.se/tag/hindi-subbed/
224,Hindi Subtitles,https://katmoviehd.se/tag/hindi-subtitles/
225,Hin Subs,https://katmoviehd.se/tag/hin-subs/
226,Hollywood Action Movie in Hindi,https://katmoviehd.se/tag/hollywood-action-movie-in-hindi/
227,Horror,https://katmoviehd.se/tag/horror/
228,HSubs,https://katmoviehd.se/tag/hsubs/
229,Katmovie,https://katmoviehd.se/tag/katmovie/
230,KAtmovieHD,https://katmoviehd.se/tag/katmoviehd/
231,KatMovieHD.ch,https://katmoviehd.se/tag/katmoviehd-ch/
232,KatMovieHD.com,https://katmoviehd.se/tag/katmoviehd-com/
233,MKVcage,https://katmoviehd.se/tag/mkvcage/
234,NETFLIX,https://katmoviehd.se/tag/netflix/
235,PariMatch,https://katmoviehd.se/tag/parimatch/
236,season 1,https://katmoviehd.se/tag/season-1/
237,Thriller,https://katmoviehd.se/tag/thriller/
238,Torrent,https://katmoviehd.se/tag/torrent/
239,Unofficial Dubbed,https://katmoviehd.se/tag/unofficial-dubbed/
240,WEB-DL,https://katmoviehd.se/tag/web-dl/
241,हिंदी Voice Over,https://katmoviehd.se/tag/%e0%a4%b9%e0%a4%bf%e0%a4%82%e0%a4%a6%e0%a5%80-voice-over/
242,Free Movie & TV Shows,https://KatmovieHD.to/
243,KatmovieHD,https://KatmovieHD.to/
