,Title,links
0,Attack on Titan Season 1 Episode 1 English Dubbed,https://attacktitanepisodes.com/attack-on-titan-season-1-episode-1-english-dubbed-watch-online/
1,Attack on Titan Season 1 Episode 2 English Dubbed,https://attacktitanepisodes.com/attack-on-titan-season-1-episode-2-english-dubbed-watch-online/
2,Attack on Titan Season 1 Episode 3 English Dubbed,https://attacktitanepisodes.com/attack-on-titan-season-1-episode-3-english-dubbed-watch-online/
3,Attack on Titan Season 1 Episode 4 English Dubbed,https://attacktitanepisodes.com/attack-on-titan-season-1-episode-4-english-dubbed-watch-online/
4,Attack on Titan Season 1 Episode 5 English Dubbed,https://attacktitanepisodes.com/attack-on-titan-season-1-episode-5-english-dubbed-watch-online/
5,Attack on Titan Season 1 Episode 6 English Dubbed,https://attacktitanepisodes.com/attack-on-titan-season-1-episode-6-english-dubbed-watch-online/
6,Attack on Titan Season 1 Episode 7 English Dubbed,https://attacktitanepisodes.com/attack-on-titan-season-1-episode-7-english-dubbed-watch-online/
7,Attack on Titan Season 1 Episode 8 English Dubbed,https://attacktitanepisodes.com/attack-on-titan-season-1-episode-8-english-dubbed-watch-online/
8,Attack on Titan Season 1 Episode 9 English Dubbed,https://attacktitanepisodes.com/attack-on-titan-season-1-episode-9-english-dubbed-watch-online/
9,Attack on Titan Season 1 Episode 10 English Dubbed,https://attacktitanepisodes.com/attack-on-titan-season-1-episode-10-english-dubbed-watch-online/
10,Attack on Titan Season 1 Episode 11 English Dubbed,https://attacktitanepisodes.com/attack-on-titan-season-1-episode-11-english-dubbed-watch-online/
11,Attack on Titan Season 1 Episode 12 English Dubbed,https://attacktitanepisodes.com/attack-on-titan-season-1-episode-12-english-dubbed-watch-online/
12,Attack on Titan Season 1 Episode 13 English Dubbed,https://attacktitanepisodes.com/attack-on-titan-season-1-episode-13-english-dubbed-watch-online/
13,Attack on Titan Season 1 Episode 14 English Dubbed,https://attacktitanepisodes.com/attack-on-titan-season-1-episode-14-english-dubbed-watch-online/
14,Attack on Titan Season 1 Episode 15 English Dubbed,https://attacktitanepisodes.com/attack-on-titan-season-1-episode-15-english-dubbed-watch-online/
15,Attack on Titan Season 1 Episode 16 English Dubbed,https://attacktitanepisodes.com/attack-on-titan-season-1-episode-16-english-dubbed-watch-online/
16,Attack on Titan Season 1 Episode 17 English Dubbed,https://attacktitanepisodes.com/attack-on-titan-season-1-episode-17-english-dubbed-watch-online/
17,Attack on Titan Season 1 Episode 18 English Dubbed,https://attacktitanepisodes.com/attack-on-titan-season-1-episode-18-english-dubbed-watch-online/
18,Attack on Titan Season 1 Episode 19 English Dubbed,https://attacktitanepisodes.com/attack-on-titan-season-1-episode-19-english-dubbed-watch-online/
19,Attack on Titan Season 1 Episode 20 English Dubbed,https://attacktitanepisodes.com/attack-on-titan-season-1-episode-20-english-dubbed-watch-online/
20,Attack on Titan Season 1 Episode 21 English Dubbed,https://attacktitanepisodes.com/attack-on-titan-season-1-episode-21-english-dubbed-watch-online/
21,Attack on Titan Season 1 Episode 22 English Dubbed,https://attacktitanepisodes.com/attack-on-titan-season-1-episode-22-english-dubbed-watch-online/
22,Attack on Titan Season 1 Episode 23 English Dubbed,https://attacktitanepisodes.com/attack-on-titan-season-1-episode-23-english-dubbed-watch-online/
23,Attack on Titan Season 1 Episode 24 English Dubbed,https://attacktitanepisodes.com/attack-on-titan-season-1-episode-24-english-dubbed-watch-online/
24,Attack on Titan Season 1 Episode 25 English Dubbed,https://attacktitanepisodes.com/attack-on-titan-season-1-episode-25-english-dubbed-watch-online/
25,Attack on Titan Season 2 Episode 1 English Dubbed,https://attacktitanepisodes.com/attack-on-titan-season-2-episode-1-english-dubbed-watch-online/
26,Attack on Titan Season 2 Episode 2 English Dubbed,https://attacktitanepisodes.com/attack-on-titan-season-2-episode-2-english-dubbed-watch-online/
27,Attack on Titan Season 2 Episode 3 English Dubbed,https://attacktitanepisodes.com/attack-on-titan-season-2-episode-3-english-dubbed-watch-online/
28,Attack on Titan Season 2 Episode 4 English Dubbed,https://attacktitanepisodes.com/attack-on-titan-season-2-episode-4-english-dubbed-watch-online/
29,Attack on Titan Season 2 Episode 5 English Dubbed,https://attacktitanepisodes.com/attack-on-titan-season-2-episode-5-english-dubbed-watch-online/
30,Attack on Titan Season 2 Episode 6 English Dubbed,https://attacktitanepisodes.com/attack-on-titan-season-2-episode-6-english-dubbed-watch-online/
31,Attack on Titan Season 2 Episode 7 English Dubbed,https://attacktitanepisodes.com/attack-on-titan-season-2-episode-7-english-dubbed-watch-online/
32,Attack on Titan Season 2 Episode 8 English Dubbed,https://attacktitanepisodes.com/attack-on-titan-season-2-episode-8-english-dubbed-watch-online/
33,Attack on Titan Season 2 Episode 9 English Dubbed,https://attacktitanepisodes.com/attack-on-titan-season-2-episode-9-english-dubbed-watch-online/
34,Attack on Titan Season 2 Episode 10 English Dubbed,https://attacktitanepisodes.com/attack-on-titan-season-2-episode-10-english-dubbed-watch-online/
35,Attack on Titan Season 2 Episode 11 English Dubbed,https://attacktitanepisodes.com/attack-on-titan-season-2-episode-11-english-dubbed-watch-online/
36,Attack on Titan Season 2 Episode 12 English Dubbed,https://attacktitanepisodes.com/attack-on-titan-season-2-episode-12-english-dubbed-watch-online/
37,Attack on Titan Season 3 Episode 1 English Dubbed,https://attacktitanepisodes.com/attack-on-titan-season-3-episode-1-english-dubbed-watch-online/
38,Attack on Titan Season 3 Episode 2 English Dubbed,https://attacktitanepisodes.com/attack-on-titan-season-3-episode-2-english-dubbed-watch-online/
39,Attack on Titan Season 3 Episode 3 English Dubbed,https://attacktitanepisodes.com/attack-on-titan-season-3-episode-3-english-dubbed-watch-online/
40,Attack on Titan Season 3 Episode 4 English Dubbed,https://attacktitanepisodes.com/attack-on-titan-season-3-episode-4-english-dubbed-watch-online/
41,Attack on Titan Season 3 Episode 5 English Dubbed,https://attacktitanepisodes.com/attack-on-titan-season-3-episode-5-english-dubbed-watch-online/
42,Attack on Titan Season 3 Episode 6 English Dubbed,https://attacktitanepisodes.com/attack-on-titan-season-3-episode-6-english-dubbed-watch-online/
43,Attack on Titan Season 3 Episode 7 English Dubbed,https://attacktitanepisodes.com/attack-on-titan-season-3-episode-7-english-dubbed-watch-online/
44,Attack on Titan Season 3 Episode 8 English Dubbed,https://attacktitanepisodes.com/attack-on-titan-season-3-episode-8-english-dubbed-watch-online/
45,Attack on Titan Season 3 Episode 9 English Dubbed,https://attacktitanepisodes.com/attack-on-titan-season-3-episode-9-english-dubbed-watch-online/
46,Attack on Titan Season 3 Episode 10 English Dubbed,https://attacktitanepisodes.com/attack-on-titan-season-3-episode-10-english-dubbed-watch-online/
47,Attack on Titan Season 3 Episode 11 English Dubbed,https://attacktitanepisodes.com/attack-on-titan-season-3-episode-11-english-dubbed-watch-online/
48,Attack on Titan Season 3 Episode 12 English Dubbed,https://attacktitanepisodes.com/attack-on-titan-season-3-episode-12-english-dubbed-watch-online/
49,Attack on Titan Season 3 Episode 13 English Dubbed,https://attacktitanepisodes.com/attack-on-titan-season-3-episode-13-english-dubbed-watch-online/
50,Attack on Titan Season 3 Episode 14 English Dubbed,https://attacktitanepisodes.com/attack-on-titan-season-3-episode-14-english-dubbed-watch-online/
51,Attack on Titan Season 3 Episode 15 English Dubbed,https://attacktitanepisodes.com/attack-on-titan-season-3-episode-15-english-dubbed-watch-online/
52,Attack on Titan Season 3 Episode 16 English Dubbed,https://attacktitanepisodes.com/attack-on-titan-season-3-episode-16-english-dubbed-watch-online/
53,Attack on Titan Season 3 Episode 17 English Dubbed,https://attacktitanepisodes.com/attack-on-titan-season-3-episode-17-english-dubbed-watch-online/
54,Attack on Titan Season 3 Episode 18 English Dubbed,https://attacktitanepisodes.com/attack-on-titan-season-3-episode-18-english-dubbed-watch-online/
55,Attack on Titan Season 3 Episode 19 English Dubbed,https://attacktitanepisodes.com/attack-on-titan-season-3-episode-19-english-dubbed-watch-online/
56,Attack on Titan Season 3 Episode 20 English Dubbed,https://attacktitanepisodes.com/attack-on-titan-season-3-episode-20-english-dubbed-watch-online/
57,Attack on Titan Season 3 Episode 21 English Dubbed,https://attacktitanepisodes.com/attack-on-titan-season-3-episode-21-english-dubbed-watch-online/
58,Attack on Titan Season 3 Episode 22 English Dubbed,https://attacktitanepisodes.com/attack-on-titan-season-3-episode-22-english-dubbed-watch-online/
59,Attack on Titan Season 4 Episode 1 English Dubbed,https://attacktitanepisodes.com/attack-on-titan-season-4-episode-1-english-dubbed-watch-online/
60,Attack on Titan Season 4 Episode 2 English Dubbed,https://attacktitanepisodes.com/attack-on-titan-season-4-episode-2-english-dubbed-watch-online/
61,Attack on Titan Season 4 Episode 3 English Dubbed,https://attacktitanepisodes.com/attack-on-titan-season-4-episode-3-english-dubbed-watch-online/
62,Attack on Titan Season 4 Episode 4 English Dubbed,https://attacktitanepisodes.com/attack-on-titan-season-4-episode-4-english-dubbed-watch-online/
63,Attack on Titan Season 4 Episode 5 English Dubbed,https://attacktitanepisodes.com/attack-on-titan-season-4-episode-5-english-dubbed-watch-online/
64,Attack on Titan Season 4 Episode 6 English Dubbed,https://attacktitanepisodes.com/attack-on-titan-season-4-episode-6-english-dubbed-watch-online/
65,Attack on Titan Season 4 Episode 7 English Dubbed,https://attacktitanepisodes.com/attack-on-titan-season-4-episode-7-english-dubbed-watch-online/
66,Attack on Titan Season 4 Episode 8 English Dubbed,https://attacktitanepisodes.com/attack-on-titan-season-4-episode-8-english-dubbed-watch-online/
67,Attack on Titan Season 4 Episode 9 English Dubbed,https://attacktitanepisodes.com/attack-on-titan-season-4-episode-9-english-dubbed-watch-online/
68,Attack on Titan Season 4 Episode 10 English Dubbed,https://attacktitanepisodes.com/attack-on-titan-season-4-episode-10-english-dubbed-watch-online/
69,Attack on Titan Season 4 Episode 11 English Dubbed,https://attacktitanepisodes.com/attack-on-titan-season-4-episode-11-english-dubbed-watch-online/
70,Attack on Titan Season 4 Episode 12 English Dubbed,https://attacktitanepisodes.com/attack-on-titan-season-4-episode-12-english-dubbed-watch-online/
71,Attack on Titan Season 1 Episode 1 English Subbed,https://attacktitanepisodes.com/attack-on-titan-season-1-episode-1-english-subbed-watch-online/
72,Attack on Titan Season 1 Episode 2 English Subbed,https://attacktitanepisodes.com/attack-on-titan-season-1-episode-2-english-subbed-watch-online/
73,Attack on Titan Season 1 Episode 3 English Subbed,https://attacktitanepisodes.com/attack-on-titan-season-1-episode-3-english-subbed-watch-online/
74,Attack on Titan Season 1 Episode 4 English Subbed,https://attacktitanepisodes.com/attack-on-titan-season-1-episode-4-english-subbed-watch-online/
75,Attack on Titan Season 1 Episode 5 English Subbed,https://attacktitanepisodes.com/attack-on-titan-season-1-episode-5-english-subbed-watch-online/
76,Attack on Titan Season 1 Episode 6 English Subbed,https://attacktitanepisodes.com/attack-on-titan-season-1-episode-6-english-subbed-watch-online/
77,Attack on Titan Season 1 Episode 7 English Subbed,https://attacktitanepisodes.com/attack-on-titan-season-1-episode-7-english-subbed-watch-online/
78,Attack on Titan Season 1 Episode 8 English Subbed,https://attacktitanepisodes.com/attack-on-titan-season-1-episode-8-english-subbed-watch-online/
79,Attack on Titan Season 1 Episode 9 English Subbed,https://attacktitanepisodes.com/attack-on-titan-season-1-episode-9-english-subbed-watch-online/
80,Attack on Titan Season 1 Episode 10 English Subbed,https://attacktitanepisodes.com/attack-on-titan-season-1-episode-10-english-subbed-watch-online/
81,Attack on Titan Season 1 Episode 11 English Subbed,https://attacktitanepisodes.com/attack-on-titan-season-1-episode-11-english-subbed-watch-online/
82,Attack on Titan Season 1 Episode 12 English Subbed,https://attacktitanepisodes.com/attack-on-titan-season-1-episode-12-english-subbed-watch-online/
83,Attack on Titan Season 1 Episode 13 English Subbed,https://attacktitanepisodes.com/attack-on-titan-season-1-episode-13-english-subbed-watch-online/
84,Attack on Titan Season 1 Episode 14 English Subbed,https://attacktitanepisodes.com/attack-on-titan-season-1-episode-14-english-subbed-watch-online/
85,Attack on Titan Season 1 Episode 15 English Subbed,https://attacktitanepisodes.com/attack-on-titan-season-1-episode-15-english-subbed-watch-online/
86,Attack on Titan Season 1 Episode 16 English Subbed,https://attacktitanepisodes.com/attack-on-titan-season-1-episode-16-english-subbed-watch-online/
87,Attack on Titan Season 1 Episode 17 English Subbed,https://attacktitanepisodes.com/attack-on-titan-season-1-episode-17-english-subbed-watch-online/
88,Attack on Titan Season 1 Episode 18 English Subbed,https://attacktitanepisodes.com/attack-on-titan-season-1-episode-18-english-subbed-watch-online/
89,Attack on Titan Season 1 Episode 19 English Subbed,https://attacktitanepisodes.com/attack-on-titan-season-1-episode-19-english-subbed-watch-online/
90,Attack on Titan Season 1 Episode 20 English Subbed,https://attacktitanepisodes.com/attack-on-titan-season-1-episode-20-english-subbed-watch-online/
91,Attack on Titan Season 1 Episode 21 English Subbed,https://attacktitanepisodes.com/attack-on-titan-season-1-episode-21-english-subbed-watch-online/
92,Attack on Titan Season 1 Episode 22 English Subbed,https://attacktitanepisodes.com/attack-on-titan-season-1-episode-22-english-subbed-watch-online/
93,Attack on Titan Season 1 Episode 23 English Subbed,https://attacktitanepisodes.com/attack-on-titan-season-1-episode-23-english-subbed-watch-online/
94,Attack on Titan Season 1 Episode 24 English Subbed,https://attacktitanepisodes.com/attack-on-titan-season-1-episode-24-english-subbed-watch-online/
95,Attack on Titan Season 1 Episode 25 English Subbed,https://attacktitanepisodes.com/attack-on-titan-season-1-episode-25-english-subbed-watch-online/
96,Attack on Titan Season 2 Episode 1 English Subbed,https://attacktitanepisodes.com/attack-on-titan-season-2-episode-1-english-subbed-watch-online/
97,Attack on Titan Season 2 Episode 2 English Subbed,https://attacktitanepisodes.com/attack-on-titan-season-2-episode-2-english-subbed-watch-online/
98,Attack on Titan Season 2 Episode 3 English Subbed,https://attacktitanepisodes.com/attack-on-titan-season-2-episode-3-english-subbed-watch-online/
99,Attack on Titan Season 2 Episode 4 English Subbed,https://attacktitanepisodes.com/attack-on-titan-season-2-episode-4-english-subbed-watch-online/
100,Attack on Titan Season 2 Episode 5 English Subbed,https://attacktitanepisodes.com/attack-on-titan-season-2-episode-5-english-subbed-watch-online/
101,Attack on Titan Season 2 Episode 6 English Subbed,https://attacktitanepisodes.com/attack-on-titan-season-2-episode-6-english-subbed-watch-online/
102,Attack on Titan Season 2 Episode 7 English Subbed,https://attacktitanepisodes.com/attack-on-titan-season-2-episode-7-english-subbed-watch-online/
103,Attack on Titan Season 2 Episode 8 English Subbed,https://attacktitanepisodes.com/attack-on-titan-season-2-episode-8-english-subbed-watch-online/
104,Attack on Titan Season 2 Episode 9 English Subbed,https://attacktitanepisodes.com/attack-on-titan-season-2-episode-9-english-subbed-watch-online/
105,Attack on Titan Season 2 Episode 10 English Subbed,https://attacktitanepisodes.com/attack-on-titan-season-2-episode-10-english-subbed-watch-online/
106,Attack on Titan Season 2 Episode 11 English Subbed,https://attacktitanepisodes.com/attack-on-titan-season-2-episode-11-english-subbed-watch-online/
107,Attack on Titan Season 2 Episode 12 English Subbed,https://attacktitanepisodes.com/attack-on-titan-season-2-episode-12-english-subbed-watch-online/
108,Attack on Titan Season 3 Episode 1 English Subbed,https://attacktitanepisodes.com/attack-on-titan-season-3-episode-1-english-subbed-watch-online/
109,Attack on Titan Season 3 Episode 2 English Subbed,https://attacktitanepisodes.com/attack-on-titan-season-3-episode-2-english-subbed-watch-online/
110,Attack on Titan Season 3 Episode 3 English Subbed,https://attacktitanepisodes.com/attack-on-titan-season-3-episode-3-english-subbed-watch-online/
111,Attack on Titan Season 3 Episode 4 English Subbed,https://attacktitanepisodes.com/attack-on-titan-season-3-episode-4-english-subbed-watch-online/
112,Attack on Titan Season 3 Episode 5 English Subbed,https://attacktitanepisodes.com/attack-on-titan-season-3-episode-5-english-subbed-watch-online/
113,Attack on Titan Season 3 Episode 6 English Subbed,https://attacktitanepisodes.com/attack-on-titan-season-3-episode-6-english-subbed-watch-online/
114,Attack on Titan Season 3 Episode 7 English Subbed,https://attacktitanepisodes.com/attack-on-titan-season-3-episode-7-english-subbed-watch-online/
115,Attack on Titan Season 3 Episode 8 English Subbed,https://attacktitanepisodes.com/attack-on-titan-season-3-episode-8-english-subbed-watch-online/
116,Attack on Titan Season 3 Episode 9 English Subbed,https://attacktitanepisodes.com/attack-on-titan-season-3-episode-9-english-subbed-watch-online/
117,Attack on Titan Season 3 Episode 10 English Subbed,https://attacktitanepisodes.com/attack-on-titan-season-3-episode-10-english-subbed-watch-online/
118,Attack on Titan Season 3 Episode 11 English Subbed,https://attacktitanepisodes.com/attack-on-titan-season-3-episode-11-english-subbed-watch-online/
119,Attack on Titan Season 3 Episode 12 English Subbed,https://attacktitanepisodes.com/attack-on-titan-season-3-episode-12-english-subbed-watch-online/
120,Attack on Titan Season 3 Episode 13 English Subbed,https://attacktitanepisodes.com/attack-on-titan-season-3-episode-13-english-subbed-watch-online/
121,Attack on Titan Season 3 Episode 14 English Subbed,https://attacktitanepisodes.com/attack-on-titan-season-3-episode-14-english-subbed-watch-online/
122,Attack on Titan Season 3 Episode 15 English Subbed,https://attacktitanepisodes.com/attack-on-titan-season-3-episode-15-english-subbed-watch-online/
123,Attack on Titan Season 3 Episode 16 English Subbed,https://attacktitanepisodes.com/attack-on-titan-season-3-episode-16-english-subbed-watch-online/
124,Attack on Titan Season 3 Episode 17 English Subbed,https://attacktitanepisodes.com/attack-on-titan-season-3-episode-17-english-subbed-watch-online/
125,Attack on Titan Season 3 Episode 18 English Subbed,https://attacktitanepisodes.com/attack-on-titan-season-3-episode-18-english-subbed-watch-online/
126,Attack on Titan Season 3 Episode 19 English Subbed,https://attacktitanepisodes.com/attack-on-titan-season-3-episode-19-english-subbed-watch-online/
127,Attack on Titan Season 3 Episode 20 English Subbed,https://attacktitanepisodes.com/attack-on-titan-season-3-episode-20-english-subbed-watch-online/
128,Attack on Titan Season 3 Episode 21 English Subbed,https://attacktitanepisodes.com/attack-on-titan-season-3-episode-21-english-subbed-watch-online/
129,Attack on Titan Season 3 Episode 22 English Subbed,https://attacktitanepisodes.com/attack-on-titan-season-3-episode-22-english-subbed-watch-online/
130,Attack on Titan Season 4 Episode 1 English Subbed,https://attacktitanepisodes.com/attack-on-titan-season-4-episode-1-english-subbed-watch-online/
131,Attack on Titan Season 4 Episode 2 English Subbed,https://attacktitanepisodes.com/attack-on-titan-season-4-episode-2-english-subbed-watch-online/
132,Attack on Titan Season 4 Episode 3 English Subbed,https://attacktitanepisodes.com/attack-on-titan-season-4-episode-3-english-subbed-watch-online/
133,Attack on Titan Season 4 Episode 4 English Subbed,https://attacktitanepisodes.com/attack-on-titan-season-4-episode-4-english-subbed-watch-online/
134,Attack on Titan Season 4 Episode 5 English Subbed,https://attacktitanepisodes.com/attack-on-titan-season-4-episode-5-english-subbed-watch-online/
135,Attack on Titan Season 4 Episode 6 English Subbed,https://attacktitanepisodes.com/attack-on-titan-season-4-episode-6-english-subbed-watch-online/
136,Attack on Titan Season 4 Episode 7 English Subbed,https://attacktitanepisodes.com/attack-on-titan-season-4-episode-7-english-subbed-watch-online/
137,Attack on Titan Season 4 Episode 8 English Subbed,https://attacktitanepisodes.com/attack-on-titan-season-4-episode-8-english-subbed-watch-online/
138,Attack on Titan Season 4 Episode 9 English Subbed,https://attacktitanepisodes.com/attack-on-titan-season-4-episode-9-english-subbed-watch-online/
139,Attack on Titan Season 4 Episode 10 English Subbed,https://attacktitanepisodes.com/attack-on-titan-season-4-episode-10-english-subbed-watch-online/
140,Attack on Titan Season 4 Episode 11 English Subbed,https://attacktitanepisodes.com/attack-on-titan-season-4-episode-11-english-subbed-watch-online/
141,Attack on Titan Season 4 Episode 12 English Subbed,https://attacktitanepisodes.com/attack-on-titan-season-4-episode-12-english-subbed-watch-online/
142,Attack on Titan Season 4 Episode 13 English Subbed,https://attacktitanepisodes.com/attack-on-titan-season-4-episode-13-english-subbed-watch-online/
143,Attack on Titan Season 4 Episode 14 English Subbed,https://attacktitanepisodes.com/attack-on-titan-season-4-episode-14-english-subbed-watch-online/
144,Attack on Titan Season 4 Episode 15 English Subbed,https://attacktitanepisodes.com/attack-on-titan-season-4-episode-15-english-subbed-watch-online/
145,Attack on Titan Season 4 Episode 16 English Subbed,https://attacktitanepisodes.com/attack-on-titan-season-4-episode-16-english-subbed-watch-online/
146,Attack on Titan Season 4 Episode 17 English Subbed,https://attacktitanepisodes.com/attack-on-titan-season-4-episode-17-english-subbed-watch-online/
